index,North Elbert,Mt Massive,N Cottonwood Creek,Lake Como,La Plata,Nellie Creek,South Colony Lakes,Kite Lake,Grays Peak,Baldwin Gulch,Castle Creek,Quandary,Guanella Pass,Longs Peak,Rock of Ages,Shavano Tabeguache,Missouri Gulch,Mt Princeton Road,Denny Creek,Willow Creek,Navajo Lake,Maroon Lake,Yankee Boy Basin,Capitol Creek,Crags Campground,Snowmass Creek,Needleton,American Basin,Culebra (main),Huerfano-Lily Lake,Fourmile Creek,Silver Creek-Grizzly Gulch,Matterhorn Creek,Stewart Creek,Half Moon,Clear Creek
2019-06-02 05:00:00,0.006027088827300459,0.006027088827300459,0.012547351977828133,0.007259999999999998,0.002187088827300458,0.0003499342123680586,8.748355309201465e-05,0.005786694101508845,0.002947351977828132,0.03208993421236807,0.0007873519778281319,0.0031470888273004596,0.013086167800453522,0.0,8.748355309201465e-05,0.03464748355309202,0.003687088827300457,0.03750000000000001,0.023726694101508846,0.000540000000000001,0.0013997368494723078,8.748355309201465e-05,0.002187088827300458,8.748355309201465e-05,0.0060000000000000045,0.0,8.748355309201465e-05,0.004526694101508847,0.004860000000000002,0.0009600000000000017,0.009288355309201832,0.004286694101508846,0.002187088827300458,0.0003499342123680586,0.0003499342123680586,0.006558947397889233
2019-06-02 06:00:00,0.006027088827300459,0.006027088827300459,0.012547351977828133,0.007259999999999998,0.002187088827300458,8.748355309201465e-05,8.748355309201465e-05,0.005786694101508845,0.002947351977828132,0.03208993421236807,0.005067088827300458,0.0031470888273004596,0.013086167800453522,0.0,0.0,0.03464748355309202,0.003687088827300457,0.03750000000000001,0.023726694101508846,0.000540000000000001,0.0005467722068251155,0.0007873519778281319,0.0007873519778281605,0.0003499342123680586,0.0060000000000000045,0.0,0.0003499342123680586,0.005598947397889231,0.004860000000000002,0.0009600000000000017,0.009288355309201832,0.005598947397889231,0.0031494079113126377,0.0003499342123680586,0.0005467722068250916,0.006558947397889233
2019-06-02 07:00:00,0.0035597368494723076,0.0035597368494723076,0.012702483553092017,0.007706666666666667,0.0003499342123680586,0.0,6.519660500000011e-06,0.009447088827300457,0.013500000000000003,0.029040000000000007,0.007664444444444451,0.007609934212368057,0.023847088827300456,0.0,0.0,0.03174000000000001,0.0017473519778281334,0.03601500000000001,0.019514018644494795,0.0029400000000000003,0.007031927997536466,0.006944444444444451,0.007031927997536466,0.0,0.0002400000000000004,0.0,0.006944444444444451,0.00937153327174491,0.0038400000000000014,0.0014999999999999992,0.011598947397889236,0.010093852355757089,0.007031927997536466,0.0,0.007791796422272583,0.0028997368494723067
2019-06-02 08:00:00,0.0009600000000000017,0.0009600000000000017,0.013500000000000003,0.008166666666666662,0.0,0.003086419753086416,0.0005444441409790295,0.02428444444444445,0.03174000000000001,0.026460000000000004,0.01651493421236806,0.017339999999999998,0.050684444444444435,0.0025940277777777793,0.003086419753086416,0.029040000000000007,0.000540000000000001,0.03456000000000001,0.01802666666666668,0.00864,0.015625,0.015625,0.015625,0.003086419753086416,0.0,0.003086419753086416,0.016652351977828134,0.02218394739788923,0.0029400000000000003,0.0029400000000000003,0.024491533271744914,0.02325116780045352,0.015865,0.0,0.020485000000000003,0.005226666666666671
2019-06-02 09:00:00,0.0002400000000000004,0.0002400000000000004,0.022815000000000002,0.00864,0.0025350000000000004,0.012345679012345678,0.008580109483649451,0.027777777777777783,0.0,0.03037500000000001,0.03377777777777779,0.0,0.027777777777777783,0.006944444444444451,0.01330567901234568,0.026460000000000004,0.005415000000000003,0.04703999999999999,0.017339999999999998,0.015360000000000006,0.028737777777777786,0.029937777777777782,0.028317777777777785,0.013845679012345678,0.0,0.012405679012345678,0.029937777777777782,0.03290486660507824,0.00216,0.003975665039205002,0.027777777777777783,0.03387370534959042,0.02927777777777778,6.519660500000011e-06,0.04313777777777779,0.011206666666666665
2019-06-02 10:00:00,0.015236111111111117,0.015236111111111117,0.03456000000000001,0.01744604532347925,0.013816111111111112,0.028737777777777786,0.024295232815651435,0.04951833333333333,0.009946666666666673,0.03651833333333334,0.06106277777777777,0.007913333333333342,0.04955166666666666,0.02533706688642538,0.032637777777777786,0.03629611111111112,0.015360000000000006,0.06317611111111111,0.041504444444444455,0.02117611111111111,0.049402777777777775,0.05386277777777777,0.04724277777777777,0.036505261330869815,0.0017361111111111127,0.030725129755606026,0.05068277777777777,0.049776649416105906,0.010376111111111114,0.006501329422231115,0.04920499999999999,0.052309866605078234,0.0473302613308698,0.0024117761503161137,0.07714277777777778,0.02117611111111111
2019-06-02 11:00:00,0.053984444444444446,0.053984444444444446,0.07776000000000001,0.03922037201625721,0.06708444444444445,0.05394271604938269,0.048400677694071054,0.12448222222222224,0.07645333333333335,0.09498000000000001,0.10218000000000003,0.06422,0.11646222222222227,0.09148473684947239,0.06506271604938269,0.07228444444444446,0.054,0.08470444444444446,0.10553777777777779,0.03129437865681259,0.07992000000000003,0.09216000000000002,0.07818000000000003,0.07670245289885506,0.006944444444444451,0.06682980487668323,0.08568000000000003,0.08146275386650548,0.02428444444444445,0.013843704200948085,0.11376874188272226,0.08535691241262887,0.07104000000000002,0.02239231614898477,0.12992748355309205,0.06852010948364945
2019-06-02 12:00:00,0.15265777777777778,0.15265777777777778,0.2008177777777778,0.09428694348678718,0.17071777777777777,0.1262311111111111,0.14029329170545093,0.28807763077161114,0.26543111111111106,0.17399777777777775,0.18823111111111113,0.23495763077161108,0.25607111111111114,0.25723846308893933,0.15085859466420312,0.1324242974382778,0.18479777777777778,0.15752429743827775,0.21866271604938273,0.08133751462725017,0.1531111111111111,0.17759111111111112,0.15085859466420312,0.17671819993841165,0.027806168326550796,0.16048051902242386,0.1588267761503161,0.14897122479972416,0.07999777777777778,0.06401530923185103,0.25196677615031615,0.1544863964951634,0.1308711111111111,0.10078819414097903,0.22089298199938417,0.1821679572540228
2019-06-02 13:00:00,0.16092944444444449,0.16092944444444449,0.20018277777777774,0.09235739665941474,0.17236277777777773,0.11162049382716054,0.1320626598083744,0.264887496546052,0.30658475308641975,0.18378429743827776,0.16537071719136417,0.22742620426151738,0.2902047530864198,0.2705346872987878,0.12973042803952867,0.15148277777777772,0.18452277777777773,0.16252277777777777,0.22570888888888893,0.10356986660507833,0.14053966275556445,0.18824000000000002,0.12634351084419376,0.18382718792866964,0.06440314859229707,0.16048718792866962,0.13946499297902448,0.15535974606544417,0.10076148192563036,0.08003903747627089,0.25707441584198415,0.1631941914148362,0.11858701348766054,0.12916607679296557,0.22175999999999998,0.18561844281698275
2019-06-02 14:00:00,0.17332666666666663,0.17332666666666663,0.20458,0.09643118191550469,0.17202,0.11328586464167975,0.1311227160493827,0.2413709101903617,0.35545071719136434,0.19722,0.14481615886636545,0.2275405721262983,0.33049071719136425,0.2864916810839563,0.12046573306641595,0.16189415021975873,0.18928,0.17490235197782822,0.23442271604938267,0.1318266941015091,0.13592251033088001,0.2089576307716111,0.10733800143343511,0.2031416634472721,0.12392132942223111,0.1862616634472721,0.12792410306884505,0.17866300415804048,0.126135906359591,0.11288999388397206,0.26551019543957327,0.18947159752718049,0.12854561656179098,0.16248651966050004,0.2269511111111111,0.1922066666666667
2019-06-02 15:00:00,0.2138911111111111,0.2138911111111111,0.24005111111111108,0.09335349013384166,0.20575111111111113,0.1199110802519977,0.12296271604938272,0.19073058775392301,0.3709650477552544,0.23935111111111107,0.11624923570988271,0.19946271604938273,0.3374561588663655,0.26388938271604934,0.10025897087967087,0.20174512975560605,0.22759111111111108,0.22023819993841162,0.26255111111111107,0.18789005850900048,0.11790151969962903,0.21934,0.08135990650990721,0.21931508692365842,0.12344226568851124,0.21645508692365845,0.09860040849098903,0.19508645797123397,0.18143659385805921,0.17821521417995612,0.23574446117863623,0.20788964344716399,0.13817215783320283,0.22656978412947038,0.21606000000000003,0.22929777777777777
2019-06-02 16:00:00,0.2246708641975309,0.2246708641975309,0.1915241975308643,0.0674695279609061,0.17504419753086425,0.05901668884471941,0.09245519890260634,0.19489086394181132,0.3294681667061369,0.20142419753086427,0.09371527720174416,0.19773519890260635,0.30871143271221546,0.26097108367626887,0.057916902662299576,0.1745941317432324,0.1981441975308642,0.1758869442500367,0.2110264197530865,0.1517648842417628,0.08101644894291513,0.17622493827160496,0.03611925319260862,0.14717405727723193,0.13575245516266182,0.13909405727723195,0.06967263378767014,0.13226152438873134,0.14912908278242346,0.13460670786174425,0.22191710331980388,0.14115930197145135,0.0703001966307515,0.2045426055517217,0.20208493827160495,0.20088419753086423
2019-06-02 17:00:00,0.2604471604938272,0.2604471604938272,0.15818049382716048,0.03666174351221989,0.16004049382716048,0.019611742112482865,0.07035355281207133,0.19696377112319133,0.29770188317215984,0.16298049382716048,0.07550244170096021,0.19187355281207136,0.2818665529769271,0.2614553635116598,0.029919225665574894,0.14136364241945748,0.17292049382716046,0.1444766615965088,0.16350938271604934,0.11792666162761414,0.05090122754692568,0.13371753086419752,0.009857341364055992,0.09178115002379564,0.14372049382716048,0.08602115002379561,0.048129420934196934,0.08052910134665134,0.12196108250865093,0.09529604236174047,0.21574373228831636,0.08977606314295133,0.02525489070477989,0.16120716023810763,0.19177753086419755,0.17804049382716047
2019-06-02 18:00:00,0.30666000000000004,0.30666000000000004,0.2305,0.03799693773102311,0.26634,0.0022199999999999993,0.07931017889107167,0.19372004346628904,0.24256053953194426,0.15594000000000002,0.057360000000000015,0.1867177777777778,0.23732151966049994,0.25048000000000004,0.013500000000000003,0.16482000000000008,0.26712,0.1704073519778283,0.22502632548612503,0.11486669410150914,0.02759466275556445,0.09775777777777778,6.651966050000012e-05,0.05296708882730055,0.25167763077161115,0.047207088827300535,0.02901076993056945,0.04560795725402278,0.09721596410494446,0.08826722525404503,0.19055625821084668,0.053024103263902785,0.0030265196605000003,0.1656204938271605,0.19143777777777782,0.2792800000000001
2019-06-02 19:00:00,0.1862377777777778,0.1862377777777778,0.12235777777777779,0.01538333216571552,0.10489777777777778,7.999999999999971e-05,0.04076533763674625,0.13640882760464265,0.20330271604938277,0.09505777777777777,0.03065303099017383,0.12720567901234567,0.21986271604938273,0.18212271604938274,0.004860000000000002,0.08256277777777776,0.1324177777777778,0.0978077119901459,0.1305879960888978,0.04874486660507833,0.007986519660499998,0.05106444444444443,0.0,0.027247351977828245,0.19556444444444443,0.024867351977828245,0.010870179476245006,0.020755897323465687,0.12304000000000004,0.048250962934597776,0.13433832261013157,0.025163342041682704,0.0002400000000000004,0.08354271604938274,0.11738444444444443,0.12601777777777778
2019-06-02 20:00:00,0.08782444444444445,0.08782444444444445,0.06318444444444447,0.006557861448243989,0.07260444444444444,0.0,0.02875274523921142,0.09512002824088688,0.17186864197530866,0.053984444444444446,0.013253508580386876,0.08179390330617844,0.1831985761876767,0.1250686419753087,0.0002400000000000004,0.04872444444444446,0.07246444444444444,0.05140444444444445,0.06493096410494445,0.021354378656812584,0.001579999999999999,0.024720000000000002,0.0,0.010140000000000001,0.14976000000000003,0.010140000000000001,0.00432559925157306,0.0068894367701195555,0.10996277777777777,0.028988997397249455,0.08842657227657448,0.009423990042034558,0.0,0.032637777777777786,0.06944,0.07246444444444444
2019-06-02 21:00:00,0.05438,0.05438,0.022580000000000003,0.019847483553092033,0.03958748355309203,0.0,0.022330179476244997,0.05542669410150886,0.14112512975560595,0.018959999999999998,0.006286694101508845,0.051007351977828116,0.1486048666050783,0.07873777777777777,0.0,0.012845000000000002,0.034460000000000005,0.018139999999999996,0.02922993421236807,0.020015000000000005,0.0,0.00864,0.0,0.0014999999999999992,0.09743777777777776,0.0029400000000000003,0.004435927571812636,0.004429407911312636,0.13511777777777775,0.04408132864199999,0.04761540188867732,0.004193608487800458,0.0,0.0,0.03750000000000001,0.028707351977828137
2019-06-02 22:00:00,0.01978993421236806,0.01978993421236806,0.005840000000000001,0.007579999999999998,0.005239736849472309,0.0,0.014490218311120004,0.03500616780045352,0.04669350858038689,0.00288,0.004305969387755044,0.026507088827300462,0.05021582766439906,0.02860444444444445,0.0,0.012140000000000001,0.0059673519778281345,0.005840000000000001,0.0051673519778281315,0.013760000000000001,0.0,0.0009600000000000017,0.0,0.0,0.027646419753086425,0.0,0.007406167800453517,0.00567894739788923,0.01590444444444445,0.011104103068845001,0.03106940791131264,0.0046067724006466585,8.748355309201465e-05,0.007259999999999998,0.015360000000000006,0.002427088827300458
2019-06-02 23:00:00,0.009427351977828131,0.009427351977828131,0.0006274835530920156,0.0002465196605000004,0.0031470888273004596,0.0,0.0006756650392050012,0.020508355309201833,0.01328940791131264,0.0,0.003696180118137738,0.01328940791131264,0.01006919409373257,0.007259999999999998,0.0,0.0029400000000000003,0.000786772206825092,0.0014999999999999992,0.0016397368494723082,0.0,8.748355309201465e-05,0.0,0.0,0.0,0.010140000000000001,0.0,0.008748355309201832,0.007086167800453517,0.0014999999999999992,0.0015155485345800003,0.019646694101508853,0.004920949861426028,0.0003499342123680586,0.004860000000000002,0.0029400000000000003,0.0031494079113126377
2019-06-03 00:00:00,0.0009240450295344202,0.0009240450295344202,0.0,0.0038400000000000014,0.0017715419501133792,0.0,0.0002400000000000004,0.011735390666554673,0.002187088827300458,0.0,0.0034173262926569395,0.004806377481033544,0.002488421065728516,0.0002400000000000004,0.0,0.0002400000000000004,0.0003499342123680586,0.0009600000000000017,0.0007873519778281319,6.00000000000001e-05,0.00019683799445703297,0.0,0.0,0.0,0.02166,0.0,0.007086167800453517,0.007620789513793618,0.00216,0.0002400000000000004,0.01423894739788923,0.005598947397889231,0.0007873519778281319,0.0,0.0,0.004286694101508846
2019-06-03 01:00:00,0.001131673525377213,0.001131673525377213,0.0002400000000000004,0.0014999999999999992,0.0013997368494723078,0.0,6.00000000000001e-05,0.013086167800453522,0.0028997368494723067,0.0,0.0031494079113126377,0.006027088827300459,0.0031470888273004596,0.0014999999999999992,0.0,0.0014999999999999992,0.0005467722068250916,0.0014999999999999992,0.0010716735253772129,0.00013500000000000025,0.0003499342123680586,0.0,2.1870888273003664e-05,0.0,0.017339999999999998,0.0,0.005598947397889231,0.008174852016709722,0.000540000000000001,0.0,0.014255686710898365,0.006075246742501323,0.0013997368494723078,8.748355309201465e-05,0.0,0.004704671077392968
2019-06-03 02:00:00,0.0014702374653565073,0.0014702374653565073,0.000540000000000001,0.0002400000000000004,0.0007873519778281319,0.0,0.0,0.01285894739788923,0.005209934212368061,0.000540000000000001,0.003696180118137738,0.008659736849472306,0.009906377481033542,0.0038400000000000014,0.0,0.0029400000000000003,0.0007873519778281319,0.0029400000000000003,0.0013997368494723078,0.0002400000000000004,0.0007873519778281605,0.0,8.748355309201465e-05,0.0,0.015360000000000006,0.0,0.004286694101508846,0.008748355309201832,0.0,0.0,0.014346167800453516,0.006570986876689416,0.0017715419501133792,0.0003499342123680586,0.0,0.005142088842853096
2019-06-03 03:00:00,0.0019397368494723087,0.0019397368494723087,0.0014999999999999992,0.0,0.0013997368494723078,0.0,0.0,0.014426694101508847,0.011847483553092016,0.0014999999999999992,0.004606694101508846,0.011273786848072564,0.020489407911312634,0.007259999999999998,0.0,0.0060000000000000045,0.001459736849472308,0.0038400000000000014,0.002187088827300458,6.00000000000001e-05,0.0013997368494723078,0.0,0.0003564538728680586,0.0,0.011760000000000001,0.0,0.0031494079113126377,0.010585509924134177,0.0,0.0,0.010430390666554672,0.007092687460953517,0.002187088827300458,0.0007873519778281319,8.748355309201465e-05,0.005598947397889231
2019-06-03 04:00:00,0.002247088827300458,0.002247088827300458,0.00014748355309201474,0.0,0.002187088827300458,8.748355309201465e-05,8.748355309201465e-05,0.006558947397889233,0.0013099342123680602,0.0,0.006200949861426027,0.0018558315836622661,0.008126694101508847,0.0,0.0,0.0009600000000000017,0.002187088827300458,0.0014999999999999992,0.0031494079113126377,0.0,0.0031494079113126377,8.748355309201465e-05,0.0013997368494723078,8.748355309201465e-05,0.00216,0.0,0.005598947397889231,0.01259763164525055,0.0,8.748355309201465e-05,0.008988355309201832,0.008771654324389644,0.0031494079113126377,0.0013997368494723078,0.0007873519778281319,0.007086167800453517
2019-06-03 05:00:00,0.003492343439433352,0.003492343439433352,0.0003499342123680586,0.0,0.0031494079113126377,0.0,0.0003499342123680586,0.007086167800453517,0.0007873519778281319,8.748355309201465e-05,0.009518947397889232,0.0006858710562414163,0.005598947397889231,0.0,0.0003499342123680586,0.0,0.0017715419501133792,6.00000000000001e-05,0.004286694101508846,0.0,0.005598947397889231,0.00042993421236805834,0.002187088827300458,2.1870888273003664e-05,0.0,0.0,0.008748355309201832,0.014784720472551187,0.0,0.0003499342123680586,0.010585509924134177,0.010635926287335427,0.004286694101508846,0.002187088827300458,0.0017197368494723075,0.008748355309201832
2019-06-03 06:00:00,0.005273508580386874,0.005273508580386874,8.748355309201465e-05,0.0,0.0013997368494723078,0.0,8.748355309201465e-05,0.004920949861426028,0.0003499342123680586,0.0,0.00940669410150885,0.0005039052658100136,0.004286694101508846,0.0,8.748355309201465e-05,0.0,0.0013997368494723078,0.0,0.0031494079113126377,0.0,0.004286694101508846,0.00040748355309201434,0.0007873519778281319,0.0,0.0,0.0,0.006320686710898292,0.012604162257495449,0.0,8.748355309201465e-05,0.008748355309201832,0.008916227013742143,0.0031494079113126377,0.0013997368494723078,0.002067351977828131,0.007086167800453517
2019-06-03 07:00:00,0.00866087175610984,0.00866087175610984,0.0,0.0,0.0,0.0,6.519660500000011e-06,0.0031494079113126377,0.0,0.0,0.011007088827300456,0.0003499342123680586,0.0007873519778281319,0.0,0.0,0.0,0.0,0.0,0.0003499342123680586,0.0,0.0013997368494723078,0.0011755555555555538,0.0,0.0,0.0,0.0,0.004293213762008846,0.008952425990109996,0.0,6.519660500000011e-06,0.007086167800453517,0.007790721728547406,0.0003499342123680586,0.0,0.00288,0.0013997368494723078
2019-06-03 08:00:00,0.016803840877914956,0.016803840877914956,0.0,0.0,0.0,0.0,5.04163632012501e-05,0.0003499342123680586,0.0,0.0,0.013607483553092017,0.0,0.0,0.0,0.0,0.0,0.0,0.0,0.0,0.0,0.0,0.002568888888888887,0.0,0.0,0.0,0.0,0.0004855992515730589,0.005075420365203641,0.0,0.00013566503920500029,0.0031494079113126377,0.006219134634851067,0.0,0.0,0.005120000000000003,0.0
2019-06-03 09:00:00,0.02849777777777778,0.02849777777777778,0.0,0.0,7.999999999999971e-05,0.0,0.00013566503920500029,0.0,0.0,8.874685183736383e-31,0.019219999999999994,0.0,0.0,0.0,0.0,0.0,0.0,0.0,0.0,0.0,0.00013566503920500029,0.004500000000000001,0.0,8.874685183736383e-31,0.0,8.748355309203227e-05,0.0008901794762449995,0.0032030163850821037,0.0,0.00026226568851124994,0.0003499342123680586,0.005169916325717307,6.00000000000001e-05,0.0,0.00896,0.0
2019-06-03 10:00:00,0.05045827160493829,0.05045827160493829,0.0,0.000349934212368132,0.0035785761876767764,0.0,0.0004302183111200001,0.0,0.0,0.0013997368494723813,0.03922567901234568,0.0,6.00000000000001e-05,0.000349934212368132,0.0,8.748355309203227e-05,0.0030864197530864226,8.874685183736383e-31,0.0,0.000787351977828242,0.0004302183111200001,0.021474567901234566,0.0,0.00242708882730055,0.0,0.004649407911312747,0.0015155485345800003,0.0159433437213669,0.00013566503920500029,0.0004302183111200001,0.0,0.020141578698521033,0.0014999999999999992,0.0,0.02872567901234568,0.0030864197530864226
2019-06-03 11:00:00,0.0816027160493827,0.0816027160493827,0.0,0.004293213762009099,0.014207638084040282,0.0014999999999999992,0.0008901794762449995,0.037917777777777786,0.04721777777777778,0.003149407911312748,0.0890092357098827,0.011760000000000001,0.06233777777777779,0.030065129755606025,0.0,0.0013997368494723813,0.012345679012345678,0.0013997368494723813,0.0,0.004286694101509099,0.0008901794762449995,0.06799827160493824,6.519660500000011e-06,0.0072266941015090985,8.748355309203227e-05,0.013141723356009223,0.00326251033088,0.05450479519620758,0.0012401136886131315,0.0009776630293370319,0.031624297438277785,0.059964049481519635,0.0048665196605000025,6.519660500000011e-06,0.07865019960247473,0.012345679012345678
2019-06-03 12:00:00,0.1304511111111111,0.1304511111111111,0.0006340032135920333,0.00888402034840701,0.036594534903634374,0.0060000000000000045,0.001969539996589492,0.1661576307716111,0.20029111111111111,0.0046623591407141,0.16706677615031612,0.1620711111111111,0.23245111111111108,0.14785084796058348,0.0,0.003389407911312748,0.031624297438277785,0.005838947397889385,0.000546519660500001,0.0070861678004536625,0.0015155485345800003,0.1440711111111111,0.00013566503920500029,0.015806167800453665,0.0005899342123681325,0.024428355309202017,0.0043841030688449995,0.11877743659723611,0.00370263736188055,0.0029152853840523816,0.1525326841169561,0.12526269773304813,0.008775665039205,0.0004302183111200001,0.15883846308893934,0.028744297438277784
2019-06-03 13:00:00,0.10405604938271604,0.10405604938271604,0.002217562479823904,0.015046986161062662,0.030758429291389788,0.011760000000000001,0.0029152853840523816,0.1694693827160494,0.22020938271604937,0.006118445806649161,0.14148646574591728,0.17126641975308649,0.25295604938271604,0.15457413958175875,6.00000000000001e-05,0.006453213762009099,0.021036095375546928,0.010248355309202008,0.0016356650392049994,0.010592029584634564,0.002306325486125001,0.11800271604938271,0.0006142379248355568,0.018330986876689565,0.0029062565099723806,0.031095056689342555,0.0056711037000200006,0.0866252263802627,0.004438121438313304,0.0040773498510018,0.150796049382716,0.09014297678049728,0.013762265688511252,0.0003580750252801997,0.14324245289885507,0.016321344051550682
2019-06-03 14:00:00,0.10338271604938273,0.10338271604938273,0.008671494079113136,0.018536994717155884,0.05105046478262093,0.01944,0.003372425484117844,0.17019160493827165,0.24048493827160494,0.01533962622243275,0.1274247912654383,0.17424271604938274,0.27139160493827164,0.16928912768399554,0.0009600000000000017,0.015739486929833586,0.024882084792291422,0.019225509924134562,0.01024265415017014,0.013205364935624775,0.007890261023701255,0.10197827160493828,0.0029711894652672227,0.023415246742501464,0.008187088827300555,0.03884669410150911,0.00500692739778125,0.05923161338451384,0.006866951275731319,0.0052401731527637555,0.1518182716049383,0.06256270863829162,0.01777021831112,0.0009200316082608334,0.1461966117969823,0.020514291457626732
2019-06-03 15:00:00,0.1012777777777778,0.1012777777777778,0.015373997368494735,0.020538058663911948,0.07014735197782825,0.026460000000000004,0.004901853001622306,0.16623277777777784,0.24215777777777778,0.02032745048418645,0.1267377777777778,0.16555500000000006,0.2709577777777778,0.1807624528988551,0.0029400000000000003,0.02050208884285329,0.029114237924835563,0.02314506172839529,0.017414237924835554,0.017887849956370994,0.025515548534580004,0.09209777777777778,0.0086465196605,0.027258947397889373,0.012045197378448494,0.05018940791131274,0.004624103068845,0.03972213229192001,0.009446359594382912,0.00712709048469346,0.1512777777777778,0.04050188084662279,0.021795665039205,0.002083571613153931,0.16064512975560605,0.026510416363201256
2019-06-03 16:00:00,0.08170567901234568,0.08170567901234568,0.020910166008790344,0.025985179715972362,0.06542748355309204,0.029040000000000007,0.007563567936565776,0.1297656790123457,0.19048790123456794,0.017809354515811806,0.1098745679012346,0.1399782716049383,0.2103545679012346,0.15700090478989956,0.004860000000000002,0.018204671077393198,0.03177118946526723,0.021363355309202012,0.016385416363201257,0.022180385511756412,0.018230179476244997,0.08278123456790124,0.011760000000000001,0.03418208884285328,0.015142746719172435,0.0524311801181379,0.002366325486125001,0.026056783102481232,0.01371962622243275,0.012902359696485918,0.11587456790123456,0.025120893387359563,0.026466519660500003,0.004218181056588275,0.11097116878026936,0.031763299015187825
2019-06-03 17:00:00,0.06452641975308643,0.06452641975308643,0.027306666666666663,0.044058357873337214,0.06144,0.03174000000000001,0.016577570288948247,0.09707293941358643,0.1389953086419753,0.015093533216667697,0.10532864197530863,0.12329919753086424,0.15158197530864195,0.12426787379972572,0.0060000000000000045,0.0160466941015091,0.03750651966050001,0.018846167800453666,0.015391189465267227,0.029079721533829456,0.011895665039205002,0.08098864197530865,0.013500000000000003,0.042204671077393195,0.025399736849472384,0.0547466941015091,0.0008901794762449995,0.02022552695309531,0.031362753866505555,0.03402991632571739,0.08586864197530865,0.017872154784886983,0.03174000000000001,0.008863148592297032,0.07715530864197531,0.03750651966050001
2019-06-03 18:00:00,0.06534000000000001,0.06534000000000001,0.03456000000000001,0.037993974707382194,0.054,0.03456000000000001,0.00764003160826083,0.07904,0.08702000000000001,0.02952559925157314,0.10373999999999997,0.11119777777777781,0.09398000000000001,0.08970567901234569,0.00864,0.024809407911312746,0.04373999999999999,0.029609407911312752,0.03751655723103348,0.01644415130575099,0.007259999999999998,0.08664000000000004,0.017339999999999998,0.05132669410150909,0.012109934212368133,0.04528440791131279,0.00013566503920500029,0.020226519660499997,0.03209645387286814,0.03014961640734345,0.06918,0.018626519660499996,0.03750000000000001,0.010140000000000001,0.05046,0.03174000000000001
2019-06-03 19:00:00,0.05046,0.05046,0.026460000000000004,0.027394612437094384,0.03750000000000001,0.026460000000000004,0.006796343062131205,0.06158,0.06344,0.024006519660500002,0.07000222222222223,0.07250197530864198,0.07171555555555555,0.0626958573388203,0.0038400000000000014,0.016147351977828246,0.03174000000000001,0.02244735197782824,0.026466519660500003,0.010461167800453664,0.0029400000000000003,0.05766,0.011760000000000001,0.030439736849472387,0.013500000000000003,0.03674708882730056,0.0,0.012935555555555554,0.026460078299137817,0.024639522907031253,0.055580000000000004,0.012223039108647572,0.026460000000000004,0.0060000000000000045,0.048734999999999994,0.026460000000000004
2019-06-03 20:00:00,0.029040000000000007,0.029040000000000007,0.015360000000000006,0.011590153212673633,0.015360000000000006,0.011760000000000001,0.006096603332007205,0.04206735197782815,0.035840000000000004,0.010140000000000001,0.02200993421236806,0.050809934212368055,0.04446548976792363,0.01544063100137175,6.00000000000001e-05,0.007259999999999998,0.015360000000000006,0.013500000000000003,0.013500000000000003,0.00512708882730055,0.0,0.01944,0.0029400000000000003,0.0060000000000000045,0.01944,0.010227483553092033,8.748355309201465e-05,0.004849574200050355,0.015360000000000006,0.014029701612412815,0.03592748355309202,0.004636240866717022,0.011760000000000001,0.0002400000000000004,0.04703999999999999,0.010140000000000001
2019-06-03 21:00:00,0.01944,0.01944,0.011760000000000001,0.004954003213592035,0.007347483553092013,0.007259999999999998,0.005453328864796803,0.03488940791131265,0.024787351977828137,0.0060000000000000045,0.010039736849472307,0.04274708882730048,0.03345973684947232,0.0029400000000000003,0.0,0.0038400000000000014,0.010140000000000001,0.00864,0.007259999999999998,0.0022474835530920324,0.0,0.007259999999999998,0.0009600000000000017,0.0009600000000000017,0.024000000000000004,0.0029400000000000003,0.002187088827300458,0.003687088827300457,0.011760000000000001,0.009070218311120001,0.030439736849472314,0.0028997368494723067,0.0060000000000000045,0.0,0.039015000000000015,0.004860000000000002
2019-06-03 22:00:00,0.013587483553092018,0.013587483553092018,0.00864,0.0029400000000000003,0.00625973684947231,0.0038400000000000014,0.0048665196605000025,0.02503894739788923,0.018739736849472305,0.004860000000000002,0.008187088827300463,0.02960940791131264,0.023431541950113377,0.003375000000000001,0.0,0.0029400000000000003,0.007259999999999998,0.007259999999999998,0.0060000000000000045,0.0009600000000000017,8.748355309201465e-05,0.004860000000000002,6.00000000000001e-05,0.001214999999999999,0.02166,0.0025350000000000004,0.004286694101508846,0.0036894079113126386,0.00864,0.004995665039205003,0.019527088827300455,0.002727088827300459,0.003027483553092015,0.0,0.03174000000000001,0.00418993421236806
2019-06-03 23:00:00,0.005209934212368061,0.005209934212368061,0.0038400000000000014,0.000540000000000001,0.004347088827300458,0.000540000000000001,0.0009600000000000017,0.010926167800453518,0.008187088827300463,0.00216,0.004495324847817485,0.01028669410150885,0.008187088827300463,0.0038400000000000014,0.0,0.0009600000000000017,0.003289934212368059,0.0038400000000000014,0.0039274835530920165,0.0,0.0003499342123680586,0.0014999999999999992,0.0,0.0014999999999999992,0.01944,0.00216,0.003985969387755044,0.004286694101508846,0.0029400000000000003,0.000540000000000001,0.008126694101508847,0.0031494079113126377,0.0003499342123680586,0.0,0.011760000000000001,0.002287351977828131
2019-06-04 00:00:00,0.002287351977828131,0.002287351977828131,0.0015097203947880007,0.0,0.002731541950113381,0.0,0.0002400000000000004,0.006860686710898369,0.003931541950113379,0.0014999999999999992,0.003448421065728518,0.005196180118137737,0.004571265432098752,0.0018149999999999996,0.0,0.0002400000000000004,0.0019762993446120797,0.00216,0.0025099342123680586,0.0,0.0007873519778281319,0.000540000000000001,2.1870888273003664e-05,0.000540000000000001,0.015360000000000006,0.0014999999999999992,0.003696180118137738,0.005598947397889231,0.0009600000000000017,0.0,0.005460949861426029,0.003696180118137738,0.0007873519778281319,6.00000000000001e-05,0.004860000000000002,0.0019320394788001848
2019-06-04 01:00:00,0.001554975006920898,0.001554975006920898,0.0005788815791520079,0.0,0.001459736849472308,0.0,0.0,0.005941882926009946,0.0018026723775930223,0.000540000000000001,0.0026463774810335443,0.003552343439433352,0.0030493130091542586,0.000540000000000001,0.0,0.0,0.0008621052664321059,0.0009600000000000017,0.0017473519778281334,0.0,0.0010716735253772129,0.0,8.748355309201465e-05,6.00000000000001e-05,0.011760000000000001,6.00000000000001e-05,0.0034173262926569395,0.006320686710898368,0.0,0.0003429355281207143,0.005941882926009946,0.004286694101508846,0.0009720394788001832,0.00043041908121272895,0.0009600000000000017,0.001236167769348242
2019-06-04 02:00:00,0.002547909881831099,0.002547909881831099,8.748355309201465e-05,0.0,0.0017715419501133792,0.0,0.0,0.005658436213991704,0.0017216763248509158,0.0,0.002809194093732573,0.004789068405139797,0.0042641670865877,0.0,0.0,0.0,0.0007873519778281319,0.0,0.0013997368494723078,0.0,0.0013997368494723078,0.0,0.0003499342123680586,0.0,0.0014999999999999992,0.0,0.0031494079113126377,0.007086167800453517,0.0,0.0013717421124828572,0.008457909912936374,0.004920949861426028,0.001176167769348242,0.0017216763248509158,8.748355309201465e-05,0.0013997368494723078
2019-06-04 03:00:00,0.00448615660255873,0.00448615660255873,0.0003499342123680586,0.0,0.002187088827300458,0.0,0.0,0.00623582766439906,0.0031739033061784373,0.0,0.002976870903825607,0.006782599871224161,0.00623582766439906,0.0,0.0,0.0,0.0013997368494722726,0.0,0.002187088827300458,0.0,0.002187088827300458,0.0,0.0007873519778281319,0.0,6.00000000000001e-05,0.0,0.003696180118137738,0.008768355309201831,0.0,0.0030864197530864226,0.011834775062288255,0.005919486929833431,0.0013997368494723078,0.0038737717309145544,0.0003499342123680586,0.002187088827300458
2019-06-04 04:00:00,0.008636376361244058,0.008636376361244058,0.0013997368494723078,0.0,0.004286694101508846,8.748355309201465e-05,0.0,0.009853662551440266,0.005836902662299479,0.0003499342123680586,0.0031494079113126377,0.009472937837686464,0.009773662551440267,0.0,0.0003499342123680586,0.0,0.002187088827300458,0.0,0.0031494079113126377,0.0,0.0031494079113126377,0.0003499342123680586,0.0013997368494723078,0.0,0.0,0.0,0.004286694101508846,0.011312029584634177,0.0,0.00548696844993142,0.0160724783740656,0.009092687460953517,0.0031494079113126377,0.006886705299403728,0.0007873519778281319,0.005598947397889231
2019-06-04 05:00:00,0.014172335600907058,0.014172335600907058,0.0010716735253772129,3.81039475689678e-05,0.005598947397889231,0.0003499342123680586,0.0001319928364578567,0.015792335600907058,0.008850226197474859,8.748355309201465e-05,0.004606694101508846,0.012860082304526673,0.014892335600907056,0.0,0.00019683799445703297,0.0,0.0031494079113126377,0.0,0.0026463774810335443,3.81039475689678e-05,0.004286694101508846,0.0007873519778281319,0.002187088827300458,8.748355309201465e-05,0.0,0.0,0.007086167800453517,0.011304020348406833,0.0,0.008573388203017826,0.018938449931412825,0.011330911781706275,0.004286694101508846,0.010760477030318284,0.0013997368494723078,0.007086167800453517
2019-06-04 06:00:00,0.016632373113854525,0.016632373113854525,0.0007873519778281319,0.00034293552812071225,0.0031494079113126377,8.748355309201465e-05,0.000842935528120712,0.02175237311385453,0.013713162565437692,0.0,0.004646377481033543,0.015495086923658316,0.019512373113854523,0.0,8.748355309201465e-05,0.0,0.002187088827300458,0.0,0.002187088827300458,0.00034293552812071225,0.0031494079113126377,0.0003499342123680586,0.0007873519778281319,0.0,0.0,0.0,0.005598947397889231,0.012280405725289077,0.0,0.012345679012345678,0.02397403432154751,0.0148725052060543,0.002187088827300458,0.013745415861817985,0.0007873519778281319,0.005598947397889231
2019-06-04 07:00:00,0.01781341507796531,0.01781341507796531,0.0,0.0009525986892242052,0.00012303910864757008,0.0,0.002179820911446427,0.02909246661627615,0.02150606310013718,0.0,0.007408625738361198,0.017422663979171905,0.025326748411298644,0.0011755555555555538,0.0,0.0,3.5555555555555424e-05,0.0,0.0003499342123680586,0.0009525986892242052,0.0003499342123680586,0.0,0.0,0.0,0.0,0.0,0.002187088827300458,0.014450136863156451,0.0,0.016803840877914956,0.029632757201646025,0.018873213762008848,8.748355309201465e-05,0.016803840877914956,0.0,0.0014352924050278631
2019-06-04 08:00:00,0.0242234293552812,0.0242234293552812,0.0001422222222222217,0.0018670934308794365,0.0015022222222222205,8.888888888888709e-06,0.004142648986434988,0.04075676268861454,0.0322234293552812,0.0001422222222222217,0.012168888888888892,0.024516762688614538,0.03689009602194787,0.004702222222222222,0.0,0.0,0.0015022222222222205,0.0,0.0005688888888888891,0.0018670934308794365,3.5555555555555424e-05,0.0005688888888888891,0.0,0.0,0.0004355555555555549,0.0,0.00072,0.01492625650997231,0.0,0.02194787379972565,0.03994411466644266,0.021879736849472302,0.0,0.02194787379972565,0.0,0.0015022222222222205
2019-06-04 09:00:00,0.034257777777777776,0.034257777777777776,0.001999999999999999,0.003086419753086416,0.005120000000000003,0.00072,0.006731419753086417,0.056657777777777786,0.04577777777777778,0.001999999999999999,0.020479999999999995,0.03499777777777778,0.052277777777777784,0.010579999999999999,0.0,0.0,0.005120000000000003,0.0,0.0033800000000000006,0.003086419753086416,0.0012799999999999988,0.00288,0.0003199999999999997,0.0,0.00242,8.748355309203227e-05,0.00288,0.01933867301835923,0.0,0.028284297438277782,0.056657777777777786,0.027729934212368062,0.0,0.027777777777777783,0.0004999999999999998,0.005120000000000003
2019-06-04 10:00:00,0.062218271604938286,0.062218271604938286,0.01835456790123456,0.010760477030318375,0.023234567901234564,0.015874567901234565,0.013908943758573381,0.09048493827160495,0.07725827160493828,0.018704502113602695,0.043287901234567897,0.06360493827160496,0.08579160493827162,0.03194191987906281,0.012425679012345679,0.012575384787659932,0.023234567901234564,0.012731168780269366,0.0208879012345679,0.010760477030318375,0.016647901234567903,0.019314567901234564,0.014087901234567898,0.013887638084040282,0.01835456790123456,0.00218708882730055,0.018825679012345675,0.03983991693718123,0.0125679012345679,0.052262716049382735,0.09293827160493828,0.04913219867284567,0.014541234567901233,0.04941827160493829,0.01555456790123457,0.023234567901234564
2019-06-04 11:00:00,0.10864271604938269,0.10864271604938269,0.06371160493827156,0.025390008678368617,0.07683160493827157,0.07659827160493823,0.025651063100137178,0.14613604938271602,0.1365027160493827,0.06329895691609981,0.10019827160493822,0.11249604938271604,0.1518293827160494,0.08821869376557215,0.053302716049382685,0.052711341787743955,0.07305160493827156,0.052998693765572126,0.06759827160493825,0.022462788275804342,0.060644938271604915,0.06707827160493826,0.0638249382716049,0.053921012849584324,0.07801242182469693,0.007981169620111608,0.060909235709882686,0.1071383810885877,0.056532290249433154,0.08588049382716047,0.14853604938271603,0.11761313241258393,0.07648493827160491,0.08530938271604936,0.059151604938271575,0.07203160493827157
2019-06-04 12:00:00,0.16477111111111112,0.16477111111111112,0.1433511111111111,0.04645540942302878,0.1616511111111111,0.1645311111111111,0.04644771199014591,0.2176711111111111,0.21565111111111113,0.14313084796058348,0.1847911111111111,0.1781311111111111,0.2360511111111111,0.17920265306122457,0.12263111111111111,0.12544051902242384,0.1573311111111111,0.1255378052126202,0.1487976307716111,0.03876613308697979,0.13405111111111112,0.14173111111111109,0.1431111111111111,0.1215900585090005,0.1765010453234792,0.01700616780045366,0.1292467761503161,0.20052152747431234,0.13455819993841164,0.13335859466420313,0.22477111111111112,0.2123667761503161,0.1601511111111111,0.1430311111111111,0.13440104532347924,0.1534911111111111
2019-06-04 13:00:00,0.1611397530864198,0.1611397530864198,0.14078419753086427,0.05670455418381366,0.1770733333333333,0.14460938271604937,0.06838062358276652,0.23452666666666666,0.23431333333333335,0.1351180932784638,0.16947149519890264,0.19714666666666666,0.2508533333333334,0.19317084796058348,0.09999604938271603,0.11758613056745346,0.17128000000000002,0.10718666162761414,0.14473975308641981,0.040432176590801235,0.10687604938271603,0.11645604938271603,0.12560271604938267,0.09427555051650302,0.19291846308893934,0.028537959533607844,0.09066392108725635,0.18124923570988272,0.12601582766439923,0.11831620695928793,0.23997333333333332,0.18799313241258395,0.14732271604938268,0.13884641975308645,0.11018784580498872,0.16834
2019-06-04 14:00:00,0.20530938271604934,0.20530938271604934,0.18468049382716045,0.0739215772234822,0.24370666666666665,0.1635316049382716,0.09593148798248156,0.29635333333333336,0.2927266666666667,0.16919006802721098,0.20505536351165984,0.2602933333333333,0.30978666666666665,0.24875846308893934,0.11896493827160495,0.14167647154334992,0.23925999999999997,0.12538340276028126,0.1873827160493827,0.04230429831191766,0.12073160493827165,0.14299160493827165,0.14765827160493827,0.10655592514829451,0.22689084796058345,0.07166068671089854,0.06339535463480621,0.19875827160493828,0.1356231382100166,0.10969239973308262,0.30488666666666664,0.20310479126543826,0.17102493827160495,0.15580938271604938,0.12584482131581493,0.23925999999999997
2019-06-04 15:00:00,0.23008000000000003,0.23008000000000003,0.20874000000000006,0.08073119481537493,0.29117111111111116,0.16729777777777782,0.12911393011622327,0.33679111111111115,0.32969111111111116,0.18946993421236816,0.22116271604938273,0.3028911111111111,0.33977111111111113,0.28041859466420316,0.12863777777777777,0.15571154195011344,0.2796711111111111,0.13423672517566715,0.21042000000000005,0.04116747767419755,0.12665777777777776,0.15761777777777777,0.15545777777777778,0.11599302452027929,0.24491846308893936,0.10195434933232568,0.04222107679296559,0.19955777777777778,0.1348797368494724,0.09861718857002646,0.3446311111111111,0.20225777777777781,0.1838377777777778,0.16368,0.13249407712238992,0.28585111111111117
2019-06-04 16:00:00,0.17785160493827162,0.17785160493827162,0.16034271604938272,0.08548455418381368,0.24554666666666664,0.1340679012345679,0.13898993421236813,0.28576,0.29120666666666667,0.1526057551580303,0.15875355281207132,0.26152000000000003,0.3064266666666667,0.2407911111111111,0.09448567901234571,0.13292245289885515,0.23581333333333332,0.10327237311385482,0.1663316049382716,0.046058843257467896,0.09099456790123457,0.10891456790123455,0.12332123456790121,0.08328462641023507,0.23703859466420313,0.08335894739788939,0.02732108756173457,0.15574123456790123,0.11925229024943318,0.08966805881113976,0.2872066666666667,0.15788123456790124,0.1448856790123457,0.14541827160493828,0.10061561322471385,0.24115333333333333
2019-06-04 17:00:00,0.09902419753086422,0.09902419753086422,0.09834864197530865,0.09083540942302878,0.17307333333333333,0.08972641975308646,0.17098666666666665,0.20584000000000002,0.2353533333333333,0.09981753086419755,0.08316787379972568,0.19288,0.24845333333333333,0.1813711111111111,0.05708641975308642,0.0958185761876768,0.17044666666666666,0.06293350858038697,0.10635753086419755,0.07165502197586869,0.04686197530864196,0.05354641975308642,0.08084641975308643,0.040795827664399174,0.22495111111111107,0.046889407911312735,0.02391530864197531,0.09716264518890069,0.10546746507656568,0.08558419753086421,0.20839333333333335,0.10821612552840071,0.09434641975308639,0.11557516163580867,0.06470641975308643,0.17044666666666666
2019-06-04 18:00:00,0.06361777777777779,0.06361777777777779,0.0696177777777778,0.09418613308697979,0.14485111111111112,0.07350000000000001,0.19399111111111111,0.17479111111111112,0.20677111111111113,0.07481777777777777,0.046965679012345704,0.1632711111111111,0.21823111111111115,0.15679111111111113,0.04056000000000002,0.07481777777777777,0.14573111111111112,0.047389934212368125,0.07280429743827777,0.08809672517566716,0.03174000000000001,0.03174000000000001,0.06144,0.024787351977828245,0.2184511111111111,0.030439736849472387,0.024320000000000005,0.07412735197782813,0.09343777777777779,0.08119777777777777,0.1745511111111111,0.08366735197782814,0.07350000000000001,0.0971377777777778,0.05046,0.14573111111111112
2019-06-04 19:00:00,0.06128833333333335,0.06128833333333335,0.07195333333333333,0.09740447187928689,0.1408711111111111,0.06834374999999998,0.2105866666666667,0.16364081688642534,0.1968711111111111,0.08177777777777778,0.03733834089191233,0.15712666666666664,0.20900611111111114,0.1644511111111111,0.03750000000000001,0.08543777777777778,0.14276611111111112,0.054,0.07525333333333334,0.09891307018280573,0.029040000000000007,0.03456000000000001,0.05766,0.026460000000000004,0.22185999999999997,0.03182748355309204,0.026568888888888892,0.06896264438285601,0.11014000000000004,0.10106000000000001,0.16283660087903473,0.07812362573836121,0.071415,0.10553777777777779,0.04373999999999999,0.14143111111111112
2019-06-04 20:00:00,0.059526666666666686,0.059526666666666686,0.07485333333333333,0.1158175146272502,0.13285111111111111,0.063375,0.24478,0.15009307018280565,0.18853111111111112,0.0931177777777778,0.03163464964586655,0.14632748355309202,0.20133859466420315,0.1901511111111111,0.03174000000000001,0.10991777777777781,0.1404711111111111,0.07350000000000001,0.07827333333333333,0.13376,0.024000000000000004,0.03750000000000001,0.05046,0.03174000000000001,0.22560666666666662,0.03456000000000001,0.029398823101256955,0.06149558299039773,0.14942,0.14784,0.1511397368494723,0.07353597771618936,0.06936,0.11903777777777774,0.03174000000000001,0.1354311111111111
2019-06-04 21:00:00,0.056817777777777786,0.056817777777777786,0.07151777777777776,0.1289877119901459,0.12853859466420312,0.05859375000000002,0.2666911111111111,0.14464051902242375,0.18210104532347918,0.0971377777777778,0.02742208882730046,0.14425084796058343,0.19419084796058345,0.20269111111111107,0.029040000000000007,0.12377777777777776,0.13757111111111112,0.08214000000000003,0.08177777777777778,0.15475777777777777,0.021747483553092015,0.03313500000000001,0.04703999999999999,0.03456000000000001,0.2296911111111111,0.03750000000000001,0.027402088827300462,0.05700094986142602,0.16609777777777782,0.17155777777777778,0.14377819993841157,0.06418940791131264,0.06144,0.12377777777777776,0.026460000000000004,0.13285859466420313
2019-06-04 22:00:00,0.05423777777777779,0.05423777777777779,0.0683377777777778,0.12386526133086981,0.12725846308893923,0.054,0.25454,0.13944561406455588,0.17103819993841157,0.08543777777777778,0.024809407911312635,0.14072051902242375,0.17698051902242373,0.18461111111111111,0.02166,0.10991777777777781,0.1351111111111111,0.06936,0.07151777777777776,0.14393777777777778,0.01614735197782814,0.029040000000000007,0.03464748355309202,0.026460000000000004,0.22355333333333333,0.029040000000000007,0.025946694101508846,0.04672783628677814,0.16035333333333338,0.16357333333333332,0.13626940791131262,0.056248916323731066,0.054349934212368056,0.10553777777777779,0.02166,0.13133846308893923
2019-06-04 23:00:00,0.04127777777777779,0.04127777777777779,0.056817777777777786,0.11441777777777781,0.12265084796058341,0.024000000000000004,0.22722666666666663,0.13170616780045352,0.14882051902242374,0.0683377777777778,0.015086805116193671,0.13075780521261995,0.1520179162273048,0.1548511111111111,0.00864,0.08543777777777778,0.12853859466420312,0.05046,0.05683964866605079,0.12377777777777776,0.007071673525377217,0.013500000000000003,0.017689934212368058,0.013500000000000003,0.2079133333333333,0.013500000000000003,0.01735894739788923,0.02803624226645392,0.14394666666666667,0.15130666666666664,0.1293333607681755,0.03154022663294853,0.027247351977828137,0.07160526133086978,0.011760000000000001,0.12739515614064553
2019-06-05 00:00:00,0.037917777777777786,0.037917777777777786,0.05179964866605079,0.10991777777777781,0.12129432098765432,0.013500000000000003,0.21205111111111108,0.12757179782200948,0.14021748859214467,0.059517777777777794,0.010769062518468703,0.12656729122924884,0.1410801736295798,0.14285111111111112,0.004860000000000002,0.07151777777777776,0.12480794910556814,0.04056000000000002,0.0518652613308698,0.11441777777777781,0.004339736849472308,0.007259999999999998,0.010927351977828133,0.00864,0.19807111111111114,0.00864,0.012180949861426026,0.022446167800453522,0.13361777777777775,0.14495777777777774,0.12685005850900033,0.022482088842853094,0.016759736849472313,0.05716771199014585,0.00864,0.12568278463648833
2019-06-05 01:00:00,0.0365052613308698,0.0365052613308698,0.0495252613308698,0.10903217777777777,0.12073979269897259,0.013142399999999993,0.22165111111111108,0.12764505850900035,0.14503819993841158,0.05423777777777779,0.009696180118137743,0.12776051902242375,0.14384729122924886,0.1408148611111111,0.003027483553092015,0.0683377777777778,0.12322104532347916,0.03456000000000001,0.04978771199014584,0.11903777777777774,0.0032715419501133784,0.0060000000000000045,0.008659736849472306,0.007934999999999998,0.2074311111111111,0.007934999999999998,0.009146694101508849,0.022779140666554676,0.13871777777777777,0.1403377777777778,0.1275722789115646,0.022432697397889237,0.01660208882730046,0.059994077122389876,0.007934999999999998,0.12410134857646761
2019-06-05 02:00:00,0.034127711990145845,0.034127711990145845,0.04348771199014585,0.10815137777777775,0.12022226309453822,0.012789600000000003,0.23695111111111108,0.12715780521261996,0.15245846308893926,0.04721777777777778,0.008748157915200774,0.12911748859214464,0.1524992690263119,0.13884611111111111,0.000589934212368059,0.059517777777777794,0.12053846308893923,0.024000000000000004,0.04392512975560592,0.13361777777777775,0.002187088827300458,0.004860000000000002,0.005127088827300458,0.007259999999999998,0.22759111111111108,0.007259999999999998,0.005664671077392969,0.023163355309201834,0.1492777777777778,0.1358377777777778,0.1276465017776658,0.022655686710898373,0.01664940791131264,0.0658998830442099,0.007609934212368057,0.12265084796058341
